{
  "project_info": {
    "project_number": "3452783883",
    "firebase_url": "https://books-d4a4a.firebaseio.com",
    "project_id": "books-d4a4a",
    "storage_bucket": "books-d4a4a.appspot.com"
  },
  "client": [
    {
      "client_info": {
        "mobilesdk_app_id": "1:3452783883:android:5fca2b67cbf00fc4",
        "android_client_info": {
          "package_name": "com.designs.zelika.lab9"
        }
      },
      "oauth_client": [
        {
          "client_id": "3452783883-sk8eed71361g82smt5879ubbuetu6lr6.apps.googleusercontent.com",
          "client_type": 1,
          "android_info": {
            "package_name": "com.designs.zelika.lab9",
            "certificate_hash": "45a58782fa6e92f494d0c4f3b161816484dd0457"
          }
        },
        {
          "client_id": "3452783883-r0261386os35s4igcpkaeomav4i9r4mc.apps.googleusercontent.com",
          "client_type": 3
        }
      ],
      "api_key": [
        {
          "current_key": "AIzaSyB4P_wdHk8OM0duF9SEK7vg6SKDAbt4ce4"
        }
      ],
      "services": {
        "analytics_service": {
          "status": 1
        },
        "appinvite_service": {
          "status": 2,
          "other_platform_oauth_client": [
            {
              "client_id": "3452783883-r0261386os35s4igcpkaeomav4i9r4mc.apps.googleusercontent.com",
              "client_type": 3
            }
          ]
        },
        "ads_service": {
          "status": 2
        }
      }
    }
  ],
  "configuration_version": "1"
}