{
  "project_info": {
    "project_number": "522674901660",
    "firebase_url": "https://collaborate-ad966.firebaseio.com",
    "project_id": "collaborate-ad966",
    "storage_bucket": "collaborate-ad966.appspot.com"
  },
  "client": [
    {
      "client_info": {
        "mobilesdk_app_id": "1:522674901660:android:fc0e812044eca5be",
        "android_client_info": {
          "package_name": "com.designs.zelika.collaborate"
        }
      },
      "oauth_client": [
        {
          "client_id": "522674901660-er133imh9vc985kikc1qp3rvh9vikpj9.apps.googleusercontent.com",
          "client_type": 1,
          "android_info": {
            "package_name": "com.designs.zelika.collaborate",
            "certificate_hash": "45a58782fa6e92f494d0c4f3b161816484dd0457"
          }
        },
        {
          "client_id": "522674901660-35cmvafsg44kinaqf5su51ajqcrni9op.apps.googleusercontent.com",
          "client_type": 3
        }
      ],
      "api_key": [
        {
          "current_key": "AIzaSyDtcJL_9OWXkkguZsWjYiQHWZWWjk7Whyg"
        }
      ],
      "services": {
        "analytics_service": {
          "status": 1
        },
        "appinvite_service": {
          "status": 2,
          "other_platform_oauth_client": [
            {
              "client_id": "522674901660-35cmvafsg44kinaqf5su51ajqcrni9op.apps.googleusercontent.com",
              "client_type": 3
            }
          ]
        },
        "ads_service": {
          "status": 2
        }
      }
    }
  ],
  "configuration_version": "1"
}